{
    "datetime": "2023-09-20 20:36:54.215987",
    "results": {
        "bleu": {
            "min": 0.5584078719768006,
            "avg": 0.5609463895132192,
            "max": 0.563593108118903
        },
        "rouge1": {
            "min": 0.6886912537549257,
            "avg": 0.6886912537549257,
            "max": 0.6886912537549257
        },
        "rouge2": {
            "min": 0.2844788634788113,
            "avg": 0.28961139639179934,
            "max": 0.294908787335662
        },
        "rougeL": {
            "min": 0.6660319708489172,
            "avg": 0.6723939502808289,
            "max": 0.6788254035370109
        },
        "rougeLsum": {
            "min": 0.6660336058547799,
            "avg": 0.6723955852866916,
            "max": 0.6788270385428736
        },
        "meteor": {
            "min": 0.47573140260874636,
            "avg": 0.47790276028347006,
            "max": 0.4801552860982081
        },
        "wer": {
            "min": 1.5050852327222122,
            "avg": 1.5164821887753974,
            "max": 1.5278263764960254
        },
        "ter": {
            "min": 1.4973296564769267,
            "avg": 1.5040556075208014,
            "max": 1.5108051439060095
        },
        "sent_transformer": {
            "min": 0.7730142456705008,
            "avg": 0.7757976304265898,
            "max": 0.7785760896947689
        },
        "bert_score": {
            "min": 0.8055683156446158,
            "avg": 0.8088096438745166,
            "max": 0.8120924451309706
        },
        "bleurt": {
            "min": 0.626439778036354,
            "avg": 0.629445653258609,
            "max": 0.6324780151799893
        },
        "levenshtein": {
            "min": 20.539622770684286,
            "avg": 21.070559340019855,
            "max": 21.588060110224898
        },
        "levenshtein_norm": {
            "min": 0.2651237500948057,
            "avg": 0.2768232541891496,
            "max": 0.28840588318467864
        },
        "hamming": {
            "min": 27.95775853216034,
            "avg": 28.426094546948278,
            "max": 28.877006812035738
        },
        "hamming_norm": {
            "min": 0.3977134114301296,
            "avg": 0.41118680253450884,
            "max": 0.42437651613598354
        },
        "jaro_winkler_similarity": {
            "min": 0.8450269306625101,
            "avg": 0.853356003477364,
            "max": 0.8617947567648412
        },
        "damerau_levenshtein": {
            "min": 20.534077294355253,
            "avg": 21.06413240680519,
            "max": 21.580837298463013
        },
        "damerau_levenshtein_norm": {
            "min": 0.2649640269503225,
            "avg": 0.27665078211406746,
            "max": 0.2882233045552263
        },
        "gestalt_similarity": {
            "min": 0.7702069834339844,
            "avg": 0.7784816570324835,
            "max": 0.7868022219369123
        }
    }
}