{
    "datetime": "2023-09-17 18:17:51.467338",
    "results": {
        "bleu": 0.5061893734453562,
        "rouge1": 0.6282426869571412,
        "rouge2": 0.2435997637706773,
        "rougeL": 0.5989170735955315,
        "rougeLsum": 0.5989170735955315,
        "meteor": 0.4336077415847806,
        "wer": 1.2572970145250506,
        "ter": 1.2327753729001434,
        "sent_transformer": 0.724821553278941,
        "bert_score": 0.7711241858504225,
        "bleurt": 0.574773581335145,
        "levenshtein": 16.631198530718645,
        "levenshtein_norm": 0.33997381289063033,
        "hamming": 21.965015699982228,
        "hamming_norm": 0.47074936274570583,
        "jaro_winkler_similarity": 0.808064514245074,
        "damerau_levenshtein": 16.614846851116774,
        "damerau_levenshtein_norm": 0.3395897455275032,
        "gestalt_similarity": 0.7196409877162491
    }
}