{
    "datetime": "2023-08-30 00:36:13.952686",
    "ld": {
        "max_score": 18.29772588986918,
        "max_by_len": 1.8486950238950937,
        "avg_score": 17.86883936720414,
        "avg_by_len": 1.837152065811517,
        "min_score": 17.43078795254031,
        "min_by_len": 1.8255710330546315
    },
    "bleu": {
        "score": 0.5416630357415594
    },
    "rouge": {
        "score": {
            "1": 0.6136571366388655,
            "2": 0.20909094110429347,
            "l": 0.5853265685502504
        }
    }
}