{
    "datetime": "2023-09-04 08:58:12.746547",
    "results": {
        "bleu": {
            "min": 0.5256269811259326,
            "avg": 0.5279730635018707,
            "max": 0.5304000621551034
        },
        "rouge1": {
            "min": 0.6528452588024994,
            "avg": 0.6528452588024994,
            "max": 0.6528452588024994
        },
        "rouge2": {
            "min": 0.28298909410339124,
            "avg": 0.28776660076275534,
            "max": 0.2926824179376913
        },
        "rougeL": {
            "min": 0.6364625456343541,
            "avg": 0.6423653983189356,
            "max": 0.6483182963791041
        },
        "rougeLsum": {
            "min": 0.6364625456343541,
            "avg": 0.6423653983189356,
            "max": 0.6483182963791041
        },
        "meteor": {
            "min": 0.4656063115445799,
            "avg": 0.4676481785130329,
            "max": 0.46975627199111086
        },
        "wer": {
            "min": 1.3316432346937908,
            "avg": 1.3428012012826769,
            "max": 1.3538600788905752
        },
        "ter": {
            "min": 1.3284063838930755,
            "avg": 1.3348411106390088,
            "max": 1.3412811004871967
        },
        "sent_transformer": {
            "min": 0.7459425170808773,
            "avg": 0.7486396780063931,
            "max": 0.7513468752500624
        },
        "bert_score": {
            "min": 0.7867185507817989,
            "avg": 0.7897569452573467,
            "max": 0.7928262501856793
        },
        "bleurt": {
            "min": 0.5984735536584606,
            "avg": 0.6015216901558631,
            "max": 0.6046056852202419
        },
        "levenshtein": {
            "min": 16.259460940443166,
            "avg": 16.815164902907632,
            "max": 17.357512243569985
        },
        "levenshtein_norm": {
            "min": 0.28771362614052565,
            "avg": 0.2990896630602724,
            "max": 0.3103448480380772
        },
        "hamming": {
            "min": 24.443816569060584,
            "avg": 24.93225795403952,
            "max": 25.402308298229393
        },
        "hamming_norm": {
            "min": 0.4337217509666388,
            "avg": 0.44646916631222866,
            "max": 0.45895325836527767
        },
        "jaro_winkler_similarity": {
            "min": 0.8238704847510434,
            "avg": 0.8318466970252644,
            "max": 0.839903591620562
        },
        "damerau_levenshtein": {
            "min": 16.24422069248947,
            "avg": 16.79945374841604,
            "max": 17.341381554162815
        },
        "damerau_levenshtein_norm": {
            "min": 0.2873912149278263,
            "avg": 0.29875459611598093,
            "max": 0.3099998727418927
        },
        "gestalt_similarity": {
            "min": 0.7463341677175338,
            "avg": 0.7542871000776242,
            "max": 0.7622527434515921
        }
    }
}