{
    "datetime": "2023-10-20 04:36:59.354544",
    "results": {
        "bleu": 0.4755369534157433,
        "rouge1": 0.5832242897218027,
        "rouge2": 0.18952716591885038,
        "rougeL": 0.5771321505985565,
        "rougeLsum": 0.5771321505985565,
        "meteor": 0.3688585060502802,
        "wer": 0.8442145211255191,
        "ter": 0.8400217883905957,
        "sent_transformer": 0.7407391823420811,
        "bert_score": 0.7862383275583115,
        "bleurt": 0.6122752225802574,
        "levenshtein": 9.36532004765515,
        "levenshtein_norm": 0.2614433934075573,
        "hamming": 17.22579334994043,
        "hamming_norm": 0.4194659350283644,
        "jaro_winkler_similarity": 0.8502392994885809,
        "damerau_levenshtein": 9.36177298819452,
        "damerau_levenshtein_norm": 0.2612963723321479,
        "gestalt_similarity": 0.7869928090108035
    }
}