{
    "datetime": "2023-10-20 04:36:59.354544",
    "results": {
        "bleu": {
            "min": 0.47894125917388264,
            "avg": 0.4805910506726684,
            "max": 0.4822958555153344
        },
        "rouge1": {
            "min": 0.6058862062853604,
            "avg": 0.6058862062853604,
            "max": 0.6058862062853604
        },
        "rouge2": {
            "min": 0.19684225637514846,
            "avg": 0.2009200547606818,
            "max": 0.20510199439861904
        },
        "rougeL": {
            "min": 0.5876626610597439,
            "avg": 0.5928292677225543,
            "max": 0.5980379817651046
        },
        "rougeLsum": {
            "min": 0.5876626610597439,
            "avg": 0.5928292677225543,
            "max": 0.5980379817651046
        },
        "meteor": {
            "min": 0.384144546957767,
            "avg": 0.38599539602024974,
            "max": 0.3879085005398368
        },
        "wer": {
            "min": 0.9112420872463945,
            "avg": 0.920689068652098,
            "max": 0.9301287865878461
        },
        "ter": {
            "min": 0.9059976856026293,
            "avg": 0.9123478119112771,
            "max": 0.9186758128444091
        },
        "sent_transformer": {
            "min": 0.755614091337043,
            "avg": 0.7581869020686973,
            "max": 0.7607659675458623
        },
        "bert_score": {
            "min": 0.7891057560034499,
            "avg": 0.7920694961207755,
            "max": 0.7950491574333027
        },
        "bleurt": {
            "min": 0.6258596529115316,
            "avg": 0.6288330757604208,
            "max": 0.6318224391238094
        },
        "levenshtein": {
            "min": 11.35032466514006,
            "avg": 11.983202107970765,
            "max": 12.604096740801154
        },
        "levenshtein_norm": {
            "min": 0.2558162904425486,
            "avg": 0.2679531971338457,
            "max": 0.27999268465544636
        },
        "hamming": {
            "min": 20.87659587816431,
            "avg": 21.282623357068918,
            "max": 21.674393801562157
        },
        "hamming_norm": {
            "min": 0.4277992325155261,
            "avg": 0.43931321104081206,
            "max": 0.45057907456630614
        },
        "jaro_winkler_similarity": {
            "min": 0.8482657005409991,
            "avg": 0.8562144331089668,
            "max": 0.8642372298261917
        },
        "damerau_levenshtein": {
            "min": 11.345995796605916,
            "avg": 11.978175287807021,
            "max": 12.598293547476395
        },
        "damerau_levenshtein_norm": {
            "min": 0.25565062173909986,
            "avg": 0.26777425679903444,
            "max": 0.2798021396510401
        },
        "gestalt_similarity": {
            "min": 0.782264545239794,
            "avg": 0.7908641048164783,
            "max": 0.7994990794397835
        }
    }
}