{
    "datetime": "2023-09-06 15:01:41.754833",
    "results": {
        "bleu": {
            "min": 0.5312805131817779,
            "avg": 0.5335743947582077,
            "max": 0.5359524101629095
        },
        "rouge1": {
            "min": 0.6608653290978153,
            "avg": 0.6608653290978153,
            "max": 0.6608653290978153
        },
        "rouge2": {
            "min": 0.28147628383232237,
            "avg": 0.2861762643755895,
            "max": 0.2910294842316538
        },
        "rougeL": {
            "min": 0.6392716179242554,
            "avg": 0.645160107239628,
            "max": 0.6511074765132431
        },
        "rougeLsum": {
            "min": 0.6392738762658771,
            "avg": 0.6451612332058506,
            "max": 0.6511074765132431
        },
        "meteor": {
            "min": 0.4677264344546295,
            "avg": 0.46975555424846693,
            "max": 0.47186971266766947
        },
        "wer": {
            "min": 1.5760995350323936,
            "avg": 1.5870640100101778,
            "max": 1.5979427244598852
        },
        "ter": {
            "min": 1.5684481327161404,
            "avg": 1.5748058856379867,
            "max": 1.5811794144058207
        },
        "sent_transformer": {
            "min": 0.7515590966072271,
            "avg": 0.754215256417825,
            "max": 0.7568763183531689
        },
        "bert_score": {
            "min": 0.7896724755735248,
            "avg": 0.7927159864672202,
            "max": 0.7957896964157491
        },
        "bleurt": {
            "min": 0.6018787416521123,
            "avg": 0.6048860384010886,
            "max": 0.6079281646877979
        },
        "levenshtein": {
            "min": 22.202657352236148,
            "avg": 22.72206526950209,
            "max": 23.229813026505035
        },
        "levenshtein_norm": {
            "min": 0.29185940554032375,
            "avg": 0.30295486406395455,
            "max": 0.31393597657284833
        },
        "hamming": {
            "min": 29.80309567837819,
            "avg": 30.265084583247724,
            "max": 30.711492363536745
        },
        "hamming_norm": {
            "min": 0.4274759649170944,
            "avg": 0.44006975899645984,
            "max": 0.45242386651124483
        },
        "jaro_winkler_similarity": {
            "min": 0.8272116939743922,
            "avg": 0.8351270053994475,
            "max": 0.8431156605786129
        },
        "damerau_levenshtein": {
            "min": 22.18871995068831,
            "avg": 22.707528593931922,
            "max": 23.214608588452847
        },
        "damerau_levenshtein_norm": {
            "min": 0.2915493664133165,
            "avg": 0.3026308241937709,
            "max": 0.31360027149877934
        },
        "gestalt_similarity": {
            "min": 0.7461004256564198,
            "avg": 0.754000579687885,
            "max": 0.761922888582706
        }
    }
}