{
    "datetime": "2023-09-20 04:05:55.331895",
    "results": {
        "bleu": {
            "min": 0.5609307887033663,
            "avg": 0.5636275109377054,
            "max": 0.566443665463273
        },
        "rouge1": {
            "min": 0.6882286976574239,
            "avg": 0.6882286976574239,
            "max": 0.6882286976574239
        },
        "rouge2": {
            "min": 0.28978852766267665,
            "avg": 0.2951100103582854,
            "max": 0.3005972976948143
        },
        "rougeL": {
            "min": 0.6712362421717204,
            "avg": 0.6776933712304554,
            "max": 0.6842193808952074
        },
        "rougeLsum": {
            "min": 0.6712362421717204,
            "avg": 0.6776933712304554,
            "max": 0.6842193808952074
        },
        "meteor": {
            "min": 0.47914746854144535,
            "avg": 0.48138156692127204,
            "max": 0.4836927132454766
        },
        "wer": {
            "min": 1.0378244493592823,
            "avg": 1.0495449277545035,
            "max": 1.0611920004217905
        },
        "ter": {
            "min": 1.0350522720596134,
            "avg": 1.041805681310012,
            "max": 1.0485758706079118
        },
        "sent_transformer": {
            "min": 0.7737118118732655,
            "avg": 0.7765336513860578,
            "max": 0.7793514655045047
        },
        "bert_score": {
            "min": 0.807037094010574,
            "avg": 0.8103104565639201,
            "max": 0.8136285838370045
        },
        "bleurt": {
            "min": 0.628399793492845,
            "avg": 0.6314540403662895,
            "max": 0.634539149534797
        },
        "levenshtein": {
            "min": 14.902440694211482,
            "avg": 15.471742032656694,
            "max": 16.027487762297607
        },
        "levenshtein_norm": {
            "min": 0.25314447584138666,
            "avg": 0.2652175776400356,
            "max": 0.2771765006017618
        },
        "hamming": {
            "min": 22.946496422825454,
            "avg": 23.427883134221066,
            "max": 23.890459726833942
        },
        "hamming_norm": {
            "min": 0.39520183086245186,
            "avg": 0.40887052066508506,
            "max": 0.4222601897809414
        },
        "jaro_winkler_similarity": {
            "min": 0.8471779489386995,
            "avg": 0.8556301680148561,
            "max": 0.8641615565540535
        },
        "damerau_levenshtein": {
            "min": 14.897545613254373,
            "avg": 15.465982610481635,
            "max": 16.02088111457228
        },
        "damerau_levenshtein_norm": {
            "min": 0.25300052994258115,
            "avg": 0.2650605038951531,
            "max": 0.27700800104153844
        },
        "gestalt_similarity": {
            "min": 0.7775427831892068,
            "avg": 0.7859277528452026,
            "max": 0.7943675109865102
        }
    }
}