{
    "datetime": "2023-09-04 08:58:12.746547",
    "results": {
        "bleu": 0.526143213027408,
        "rouge1": 0.6327329128908595,
        "rouge2": 0.2758583084502125,
        "rougeL": 0.6293342277345287,
        "rougeLsum": 0.6293342277345287,
        "meteor": 0.44818908473845354,
        "wer": 1.202432605296018,
        "ter": 1.1999690870798012,
        "sent_transformer": 0.7345979424155175,
        "bert_score": 0.7866492758189051,
        "bleurt": 0.589742170138612,
        "levenshtein": 13.46928135553054,
        "levenshtein_norm": 0.2881067659737056,
        "hamming": 20.199360151667754,
        "hamming_norm": 0.4227687053339276,
        "jaro_winkler_similarity": 0.8295389798182006,
        "damerau_levenshtein": 13.45615854019788,
        "damerau_levenshtein_norm": 0.28778636884362835,
        "gestalt_similarity": 0.7556648506237091
    }
}