{
    "datetime": "2023-09-06 15:01:41.754833",
    "results": {
        "bleu": 0.5303653796312308,
        "rouge1": 0.6388237616623993,
        "rouge2": 0.27344558660291035,
        "rougeL": 0.6311452279255212,
        "rougeLsum": 0.6311452509018337,
        "meteor": 0.4495444897814904,
        "wer": 1.4148428123461239,
        "ter": 1.4088278669595553,
        "sent_transformer": 0.7389234760759406,
        "bert_score": 0.788979462951457,
        "bleurt": 0.5914929062719435,
        "levenshtein": 18.502443358507332,
        "levenshtein_norm": 0.291822062121096,
        "hamming": 24.73890122908337,
        "hamming_norm": 0.41670663702605065,
        "jaro_winkler_similarity": 0.8326887286992224,
        "damerau_levenshtein": 18.490448689471346,
        "damerau_levenshtein_norm": 0.2915072014176436,
        "gestalt_similarity": 0.7551002975163102
    }
}