{
    "datetime": "2023-09-20 20:36:54.215987",
    "results": {
        "bleu": 0.5588556445725438,
        "rouge1": 0.6668656701400004,
        "rouge2": 0.2766306802036654,
        "rougeL": 0.6592449977063637,
        "rougeLsum": 0.659246411871464,
        "meteor": 0.4580578306238242,
        "wer": 1.3476047665873399,
        "ter": 1.3414961746081735,
        "sent_transformer": 0.7609036590581344,
        "bert_score": 0.8052810303431189,
        "bleurt": 0.6159761983793722,
        "levenshtein": 17.07141376757957,
        "levenshtein_norm": 0.26589153060137194,
        "hamming": 23.077720207253886,
        "hamming_norm": 0.38664544377878685,
        "jaro_winkler_similarity": 0.8506404990387438,
        "damerau_levenshtein": 17.066943005181347,
        "damerau_levenshtein_norm": 0.2657471873763362,
        "gestalt_similarity": 0.7793423078839946
    }
}