{
    "datetime": "2023-09-20 04:05:55.331895",
    "results": {
        "bleu": 0.5622883683214595,
        "rouge1": 0.6675840914022854,
        "rouge2": 0.28247855056453425,
        "rougeL": 0.6645622341631326,
        "rougeLsum": 0.6645622341631326,
        "meteor": 0.4617810301635743,
        "wer": 0.9415775615285852,
        "ter": 0.9395485900741747,
        "sent_transformer": 0.7622912383180072,
        "bert_score": 0.8070933671597857,
        "bleurt": 0.6192132291480138,
        "levenshtein": 12.291517394522575,
        "levenshtein_norm": 0.25516369978860537,
        "hamming": 18.844233900814213,
        "hamming_norm": 0.38501383852059035,
        "jaro_winkler_similarity": 0.8526036827349094,
        "damerau_levenshtein": 12.287372316802369,
        "damerau_levenshtein_norm": 0.25502836521062855,
        "gestalt_similarity": 0.7864461652307816
    }
}