{
    "datetime": "2023-09-17 18:17:51.467338",
    "results": {
        "bleu": {
            "min": 0.5081477649761565,
            "avg": 0.5100467650765289,
            "max": 0.5120157754504673
        },
        "rouge1": {
            "min": 0.6528452588024994,
            "avg": 0.6528452588024994,
            "max": 0.6528452588024994
        },
        "rouge2": {
            "min": 0.2512407886127706,
            "avg": 0.25543578099139164,
            "max": 0.2597601201143423
        },
        "rougeL": {
            "min": 0.6048677843196575,
            "avg": 0.6105467869770523,
            "max": 0.6162645353722505
        },
        "rougeLsum": {
            "min": 0.6048677843196575,
            "avg": 0.6105467869770523,
            "max": 0.6162645353722505
        },
        "meteor": {
            "min": 0.4526515729209399,
            "avg": 0.45458915060163296,
            "max": 0.4565889310168669
        },
        "wer": {
            "min": 1.3890426413110768,
            "avg": 1.3990872032594215,
            "max": 1.4090712762337136
        },
        "ter": {
            "min": 1.3586896127512937,
            "avg": 1.3649876369892615,
            "max": 1.3713035024487323
        },
        "sent_transformer": {
            "min": 0.73876588084273,
            "avg": 0.7414136095269448,
            "max": 0.7440626650083321
        },
        "bert_score": {
            "min": 0.7720448490408421,
            "avg": 0.7748497979879857,
            "max": 0.7776769777516418
        },
        "bleurt": {
            "min": 0.5880549685983177,
            "avg": 0.5908205505422098,
            "max": 0.5936264725173434
        },
        "levenshtein": {
            "min": 20.071817527997535,
            "avg": 20.476976951265453,
            "max": 20.873283331620947
        },
        "levenshtein_norm": {
            "min": 0.34602289291787486,
            "avg": 0.3557696856856683,
            "max": 0.3654125403296265
        },
        "hamming": {
            "min": 26.502482961745265,
            "avg": 26.861793212096305,
            "max": 27.207575601904175
        },
        "hamming_norm": {
            "min": 0.48579401567416886,
            "avg": 0.4965945375341403,
            "max": 0.5071762996055945
        },
        "jaro_winkler_similarity": {
            "min": 0.8019938046651751,
            "avg": 0.8093987740772872,
            "max": 0.816857257219646
        },
        "damerau_levenshtein": {
            "min": 20.05188533853899,
            "avg": 20.456608103017228,
            "max": 20.852323709716085
        },
        "damerau_levenshtein_norm": {
            "min": 0.34562620068874633,
            "avg": 0.35536175758693245,
            "max": 0.36499344238063247
        },
        "gestalt_similarity": {
            "min": 0.7078931317952799,
            "avg": 0.7153185015434919,
            "max": 0.7227438666558901
        }
    }
}